project;watchers;stargazers;subscribers;forks;is_forked
ant-design/ant-design-pro;27922;27922;767;6486;false
withspectrum/spectrum;9610;9610;167;1042;false
isomorphic-git/isomorphic-git;5460;5460;63;216;false
wmhilton/isomorphic-git;5460;5460;63;216;false
hanami/hanami;5399;5399;189;479;false
tbrand/which_is_the_fastest;5043;5043;155;436;false
the-benchmarker/web-frameworks;5043;5043;155;436;false
lolcommits/lolcommits;4415;4415;41;247;false
mroth/lolcommits;4415;4415;41;247;false
aasm/aasm;4201;4201;56;559;false
errbit/errbit;4123;4123;96;978;false
wei/pull;2162;2162;40;340;false
intridea/oauth2;1995;1995;39;620;false
oauth-xx/oauth2;1995;1995;39;620;false
preciousforever/sketch-data-populator;1646;1646;61;121;false
preciousforever/data-populator;1646;1646;61;121;false
anycable/anycable;1447;1447;30;58;false
nodenv/nodenv;1444;1444;25;83;false
toy/image_optim;1384;1384;36;103;false
tute/merit;1368;1368;41;195;false
merit-gem/merit;1368;1368;41;195;false
palkan/test-prof;1149;1149;12;84;false
consul/consul;1075;1075;85;809;false
Paxa/postbird;1063;1063;19;86;false
YetiForceCompany/YetiForceCRM;1041;1041;260;522;false
palkan/logidze;986;986;14;45;false
ant-design/ant-design-pro-layout;963;963;25;236;false
brianlovin/security-checklist;905;905;17;87;false
assetgraph/assetgraph;893;893;16;56;false
react-native-mapbox-gl/maps;845;845;32;394;false
ledermann/docker-rails;839;839;23;129;false
ledermann/rails-settings;793;793;25;300;false
AlchemyCMS/alchemy_cms;695;695;33;276;false
magiclabs/alchemy_cms;695;695;33;276;false
openSUSE/osem;642;642;63;449;false
ledermann/unread;629;629;12;113;false
openSUSE/open-build-service;584;584;61;345;false
davellanedam/node-express-mongodb-jwt-rest-api-skeleton;566;566;34;195;false
r18n/r18n;506;506;12;75;false
assetgraph/assetgraph-builder;484;484;13;40;false
brianlovin/brian-lovin-next;477;477;5;54;false
mathdroid/crop-github-images-cli;461;461;4;20;false
rubytoolbox/rubytoolbox;460;460;23;36;false
pboling/flag_shih_tzu;453;453;10;58;false
lmmfranco/nintendo-switch-eshop;449;449;19;66;false
Dynamoid/Dynamoid;426;426;24;163;false
Dynamoid/dynamoid;426;426;24;163;false
michalzaq12/electron-nuxt;413;413;12;38;false
hanami/model;398;398;32;158;false
palkan/anyway_config;393;393;8;13;false
d4nyll/lethargy;391;391;5;46;false
davellanedam/vue-skeleton-mvp;391;391;19;114;false
samiheikki/javascript-guessing-game;384;384;6;47;false
withspectrum/micro-open-graph;370;370;4;51;false
simukappu/activity_notification;359;359;11;68;false
nadeesha/ts-prune;356;356;5;14;false
unexpectedjs/unexpected;337;337;12;28;false
palkan/n_plus_one_control;337;337;6;11;false
anycable/anycable-rails;328;328;10;24;false
hanami/router;318;318;31;79;false
areknawo/Rex;284;284;6;11;false
nesaulov/surrealist;270;270;11;22;false
Odi-ts/odi;263;263;10;12;false
Odi-ts/Odi;263;263;10;12;false
d4nyll/smartscroll;254;254;12;48;false
palkan/litecable;253;253;3;28;false
Mehonoshin/smartvpn-billing;250;250;17;126;false
daviferreira/react-sanfona;250;250;4;70;false
fabiomcosta/jquery-meiomask;240;240;25;116;false
xiaohuoni/umi-antd-pro;234;234;7;59;false
DannyBen/victor;230;230;8;19;false
klausmeyer/docker-registry-browser;222;222;6;30;false
hanami/controller;220;220;28;97;false
fintech-to-ynab/fintech-to-ynab;208;208;12;129;false
apclary/dungeon-revealer;205;205;7;60;false
phoet/on_ruby;200;200;10;86;false
hanami/validations;200;200;25;51;false
wetransfer/zip_tricks;199;199;19;26;false
WeTransfer/zip_tricks;199;199;19;26;false
fengkx/NodeRSSBot;192;192;3;44;false
palkan/action-cable-testing;188;188;2;18;false
sogehige/sogeBot;182;182;17;57;false
nodenv/node-build;179;179;8;59;false
Paxa/fast_excel;177;177;4;40;false
codeforamerica/ohana-api;172;172;44;177;false
klarna/phobos;172;172;12;24;false
phobos/phobos;172;172;12;24;false
cloudfoundry/cloud_controller_ng;160;160;162;342;false
pboling/sanitize_email;159;159;10;33;false
withspectrum/react-app-rewire-styled-components;157;157;4;15;false
jonhue/acts_as_favoritor;156;156;3;7;false
hanami/utils;154;154;26;107;false
karlentwistle/ruby_home;154;154;9;15;false
Paxa/light_record;152;152;5;6;false
sumcumo/vue-states;149;149;14;4;false
hanami/view;143;143;29;68;false
jameswlane/jest-express;137;137;7;27;false
thoughtbot/upcase;136;136;30;26;false
rafaelrinaldi/whereami;136;136;5;8;false
mvz/gir_ffi;135;135;7;13;false
jonhue/pwa;133;133;4;5;false
rubytoolbox/catalog;127;127;4;215;false
poise/poise-python;123;123;13;115;false
zhandao/zero-rails_openapi;123;123;4;18;false
realm/realm-studio;122;122;23;18;false
specfm/spec-next;121;121;4;16;false
jonhue/turbolinks-animate.js;118;118;1;6;false
jonhue/turbolinks-animate;118;118;1;6;false
thisismydesign/poe-sniper;117;117;16;21;false
mathdroid/igdm-cli;117;117;7;30;false
5k-mirrors/poe-sniper;117;117;16;21;false
aaronmallen/activeinteractor;116;116;2;5;false
jonhue/notifications-rails;111;111;4;8;false
AurityLab/vue-recaptcha-v3;106;106;5;14;false
papandreou/node-cldr;103;103;6;16;false
pboling/cacheable-flash;102;102;8;41;false
pivotal/cacheable-flash;102;102;8;41;false
TwilightCoders/active_record-mti;100;100;1;8;false
paulz/PerspectiveTransform;100;100;2;7;false
iondrimba/pwa-music-player;97;97;4;25;false
withspectrum/graphql-log;96;96;6;5;false
Coursemology/coursemology2;95;95;14;58;false
nadeesha/saul;90;90;1;6;false
withspectrum/callback-to-async-iterator;84;84;2;9;false
banzeh/cielo;77;77;11;19;false
thoughtbot/baccano;76;76;7;7;false
hanami/helpers;75;75;21;51;false
openSUSE/software-o-o;74;74;47;99;false
iondrimba/react-weather-app;73;73;4;23;false
ledermann/docker-vue;71;71;6;24;false
acquaintable/gem_bench;69;69;5;6;false
pboling/gem_bench;69;69;5;6;false
jgarber623/svgeez;68;68;2;11;false
codeforamerica/ohana-web-search;68;68;31;79;false
papandreou/node-pngquant;66;66;2;20;false
papandreou/node-inkscape;64;64;5;11;false
cmur2/dyndnsd;64;64;3;10;false
mathdroid/react-360-gaze-button;64;64;3;10;false
ryanfb/loebolus;62;62;3;5;false
AurityLab/recaptcha-v3;60;60;3;8;false
PopulateTools/gobierto;58;58;13;24;false
ant-design/v2.preview.pro.ant.design;58;58;7;30;false
iondrimba/buildings-wave;57;57;2;17;false
sanger/sequencescape;53;53;5;30;false
sumcumo/vue-history;53;53;10;1;false
SPGoding/spu;53;53;4;5;false
papandreou/express-processimage;51;51;4;12;false
gitspeak/gitspeak-desktop;51;51;3;2;false
scrimba/gitspeak-desktop;51;51;3;2;false
AyuntamientoMadrid/consul;50;50;8;15;true
nodunayo/speakerline;50;50;4;16;false
SUSE/hackweek;49;49;42;44;false
solidusio/solidus_i18n;47;47;10;114;false
solidusio-contrib/solidus_i18n;47;47;10;114;false
papandreou/seespee;47;47;4;1;false
withspectrum/draft-js-prism-plugin;46;46;1;7;false
viode/viode;46;46;5;16;false
paulz/ImageCoordinateSpace;46;46;4;11;false
matthutchinson/acts_as_textcaptcha;46;46;4;10;false
notonthehighstreet/svelte;46;46;59;13;false
iondrimba/react-calculator;46;46;2;12;false
toy/image_optim_rails;43;43;1;4;false
poise/halite;43;43;4;9;false
ledermann/drafting;41;41;5;8;false
kyronbao/ant-design-pro-permisson;41;41;0;7;false
mikz/october;39;39;2;4;false
WeTransfer/wt-js-sdk;37;37;0;6;false
archivesunleashed/warclight;37;37;6;7;false
AlexWayfer/flame;37;37;4;6;false
nodenv/nodenv-package-rehash;36;36;3;0;false
langyo/MCBBS-Client;36;36;6;9;false
L2jLiga/xd2svg;36;36;1;5;false
assetgraph/assetgraph-sprite;36;36;5;5;false
ledermann/keepr;35;35;5;9;false
withspectrum/draft-js-code-editor-plugin;35;35;2;4;false
ACGNTaiwan/AutoChangeGroupPhoto;34;34;1;10;false
iondrimba/marvel-api-explorer;34;34;3;6;false
wallace/resque-lonely_job;34;34;2;15;false
james58899/dmhy-telegram;33;33;4;5;false
unexpectedjs/unexpected-dom;33;33;4;6;false
dvaJi/ReaderFront;33;33;7;7;false
withspectrum/danger-plugin-no-console;33;33;0;8;false
nadeesha/hackertalk;33;33;1;0;false
SUSE/rmt;31;31;33;30;false
InspireNL/smuggle;30;30;7;0;false
nodenv/nodenv-default-packages;29;29;5;5;false
Trybnetic/minimalist;29;29;2;27;false
teikei/teikei;29;29;4;9;false
opensanca/opensanca_jobs;29;29;22;37;false
nodenv/nodenv-package-json-engine;28;28;5;4;false
jgarber623/spaceholder.cc;28;28;1;3;false
dmitriz/un;28;28;3;1;false
dchbx/enroll;28;28;34;37;false
papandreou/node-optipng;28;28;3;4;false
connectbot/connectbot.github.io;27;27;11;10;false
soulfly/unique_validation_inspector;27;27;1;2;false
nning/moeil;26;26;3;6;false
rafaelrinaldi/html-meta-tags;26;26;1;4;false
jimmyleray/Emendare;26;26;1;10;false
PopulateTools/ine-places;26;26;8;1;false
aergonaut/cody;25;25;4;21;false
Favna/Ribbon;25;25;2;17;false
Favna/ribbon;25;25;2;17;false
magrathealabs/mecha;25;25;4;0;false
howtohireme/give-me-poc;24;24;17;9;false
jameswlane/status-board;24;24;2;5;false
symbiod/symbiod;24;24;17;9;false
withspectrum/npm-pkg;24;24;1;2;false
papandreou/node-jpegtran;24;24;2;4;false
howtohireme/betterdocs;23;23;14;40;false
papandreou/node-pngcrush;23;23;1;4;false
papandreou/bringhome;23;23;3;0;false
howtohireme/ruby.fundamental;23;23;14;40;false
nodenv/node-build-update-defs;23;23;2;3;false
symbiod/betterdocs;23;23;14;40;false
michaelmior/NoSE;22;22;5;5;false
withspectrum/danger-plugin-flow;22;22;1;9;false
epistrephein/rubies;22;22;1;1;false
withspectrum/micro-code-analyser;22;22;2;1;false
WeTransfer/sqewer;21;21;20;5;false
wei/new-issue;21;21;5;4;false
PopulateTools/ruby_px;21;21;2;3;false
jarthod/ssl-test;20;20;3;5;false
hfpp2012/hello-antd-pro;20;20;3;12;false
louk-lang/louk;20;20;2;1;false
spirosikmd/jest-cucumber-puppeteer-example;20;20;1;13;false
fleetyards/app;20;20;3;5;false
fleetyards/api;20;20;3;5;false
WeTransfer/prorate;20;20;20;2;false
mathdroid/mathdro.id;19;19;1;1;false
withspectrum/markdown-linkify;19;19;2;4;false
ianwalter/vuex-reset;19;19;1;4;false
iainreid820/drowsy;19;19;1;1;false
Chaffity/drowsy;19;19;1;1;false
withspectrum/danger-plugin-labels;18;18;0;3;false
nodenv/nodenv-aliases;18;18;2;1;false
bibendi/schked;18;18;1;0;false
mvz/alexandria-book-collection-manager;18;18;2;12;false
zhustec/ascii_chart;18;18;1;0;false
somleng/twilreapi;18;18;5;6;false
WeTransfer/image_vise;18;18;20;4;false
breadsplit/breadsplit;18;18;5;4;false
nxt-insurance/nxt_pipeline;18;18;8;0;false
unexpectedjs/unexpected-sinon;17;17;3;7;false
withspectrum/micro-anonymizomatic;17;17;1;2;false
DannyBen/runfile;17;17;1;1;false
howtohireme/juniorjobs;17;17;24;8;false
luzzif/binance-api-client;17;17;1;10;false
symbiod/juniorjobs;17;17;24;8;false
fega/mongo-server;17;17;2;1;false
jameswlane/react-pure-loaders;16;16;1;6;false
3scale/zync;16;16;19;7;false
withspectrum/micro-redirect;16;16;1;3;false
james58899/chat-bridge;16;16;3;4;false
stephaniewilkinson/bookmooch;16;16;2;2;false
stephaniewilkinson/yonderbook;16;16;2;2;false
getninjas/dhalsim-js;15;15;31;0;false
MarioRuiz/nice_http;15;15;1;3;false
sumcumo/lighthouse-keeper;15;15;8;2;false
leemour/hanami_id;15;15;5;4;false
somleng/somleng-scfm;15;15;2;14;false
nxt-insurance/nxt_init;14;14;8;0;false
epistrephein/rarbg;14;14;1;1;false
mimmi20/browscap-js;14;14;2;7;false
dcthree/antigrapheus;14;14;4;0;false
pboling/react-rails-benchmark_renderer;14;14;2;0;false
mdzhang/us-state-codes;14;14;1;8;false
mvz/gir_ffi-gtk;13;13;2;7;false
DannyBen/madness;13;13;1;6;false
wordtreefoundation/archivist-client;13;13;6;5;false
devcongress/jobs;13;13;8;20;false
jonhue/turbolinks-animate-rails;13;13;2;1;false
unexpectedjs/unexpected-check;13;13;1;0;false
miklb/permission;12;12;4;1;false
DannyBen/pretty_trace;12;12;1;1;false
jamescmartinez/coffeecoffeecoffee.coffee;12;12;1;6;false
jamescmartinez/coffee;12;12;1;6;false
philihp/fields-of-arle;12;12;2;11;false
iondrimba/threejs-cube-wave;12;12;2;1;false
withspectrum/rethinkdb-inspector;12;12;1;2;false
wildnote/hanuman;12;12;10;6;false
0exp/smart_core;11;11;3;5;false
getninjas/jason;11;11;27;2;false
sylvainmetayer/jekyll-fontawesome-svg;11;11;1;2;false
archivesunleashed/auk;11;11;6;5;false
wei/minifier;11;11;2;4;false
ddhhz/compressor;11;11;2;4;false
reckoning/app;11;11;3;7;false
TwilightCoders/quick_count;11;11;2;3;false
papandreou/trackingdog;11;11;2;0;false
Chaffity/fui;11;11;1;0;false
AlchemyCMS/alchemy-devise;11;11;3;39;false
iainreid820/fui;11;11;1;0;false
pat/drumknott-server;11;11;1;0;false
MrMojo86/scrum-daily-standup-picker;10;10;1;7;false
fidor/fidor_api;10;10;3;14;false
unexpectedjs/unexpected-express;10;10;3;3;false
dreimannzelt/layer-identity_token;10;10;7;4;false
gabebw/hotline-webring;10;10;4;1;false
kaoscript/kaoscript;10;10;2;2;false
Mokkapps/scrum-daily-standup-picker;10;10;1;7;false
dfreeman/ember-cli-addon-versions;10;10;1;2;false
hapiben/gemfly;9;9;1;3;false
junebug12851/pokered-save-editor;9;9;1;0;false
hackberrydev/servisne_info;9;9;2;0;false
wilsonsilva/grape-embryo;9;9;1;2;false
CuistotduCoin/cuistot;9;9;1;2;false
PopulateTools/gobierto-budgets-data;9;9;3;2;false
hackberryco/servisne_info;9;9;2;0;false
WeTransfer/apiculture;9;9;18;1;false
fisker/fis3-plugins;9;9;1;1;false
hackcambridge/hack-cambridge-website;9;9;3;11;false
halfbyte/afm;9;9;2;4;false
WeTransfer/activerecord_autoreplica;8;8;13;4;false
mathdroid/kulina-menu-cli;8;8;2;0;false
burn-notice/burn-notice;8;8;1;0;false
unexpectedjs/unexpected-mitm;8;8;3;3;false
iondrimba/rain-drops;8;8;1;0;false
kif-ev/oskiosk-server;8;8;3;2;false
coreyward/tokens-for-teslas;8;8;1;6;false
iondrimba/threejs-audio-visualizer-two;8;8;1;0;false
monfresh/ohana-sms;8;8;2;9;false
dshoreman/servidor;8;8;1;9;false
AresRPG/aresrpg-map-colors;7;7;2;2;false
WeTransfer/wt-api-docs;7;7;14;1;false
snowblink/pollen-london;7;7;1;0;false
d4nyll/mermal;7;7;1;1;false
pboling/each_in_batches;7;7;4;2;false
0exp/evil_events;7;7;2;2;false
fengkx/surge2clash;7;7;1;1;false
agorischek/multigrain;7;7;1;0;false
mkon/api_valve;7;7;1;3;false
d4nyll/hobnob;7;7;3;1;false
pboling/rack-toolbar;7;7;2;1;false
ghoshnirmalya/linkedin-rails;7;7;2;1;false
PMHStudio/DiscordMuBot;7;7;2;2;false
ghoshnirmalya/linkedin-clone-rails-backend;7;7;2;1;false
wearetheledger/react-starter-v2;7;7;4;1;false
marcelobbfonseca/workflow-api;7;7;3;2;false
dominicsayers/machinist;7;7;1;3;true
MITLibraries/bento;7;7;7;3;false
unexpectedjs/unexpected-reaction;7;7;3;2;false
jonhue/amp-html;6;6;1;2;false
tansengming/rails-base;6;6;3;2;false
pboling/dry_views;6;6;2;1;false
pboling/rspec-pending_for;6;6;2;2;false
pboling/debug_logging;6;6;2;1;false
nning/imgshr;6;6;3;2;false
ryanfb/loeb-copyright;6;6;1;0;false
ryanfb/etc;6;6;1;0;false
leoarnold/puppet-cups;6;6;1;24;false
kogakure/website-hugo-kogakure.de;6;6;1;2;false
ryota-murakami/redux-vanilla;6;6;1;0;false
ryota-murakami/redux-boilerplate-less-architecture;6;6;1;0;false
iondrimba/raining;6;6;1;2;false
pboling/celluloid-io-pg-listener;6;6;3;3;false
jgarber623/jekyll-netlify-redirects;6;6;1;0;false
jgarber623/jekyll-netlify-headers;6;6;1;0;false
AyuntamientoMadrid/agendas;6;6;3;3;false
maiwald/beetle_etl;6;6;3;3;false
jonhue/omniauth-paypal-oauth2;5;5;1;10;false
AresRPG/aresrpg.com;5;5;2;0;false
rafaelrinaldi/www;5;5;1;0;false
grdw/seri;5;5;2;0;false
jgarber623/uswds-rails;5;5;2;4;false
unexpectedjs/unexpected-fs;5;5;3;2;false
fsi-tue/cyberauftritt;5;5;5;10;false
HydreIO/aresrpg.com;5;5;2;0;false
health-connector/enroll;5;5;20;4;true
quantitare/quantitare;5;5;2;0;false
AlchemyCMS/alchemy-demo;5;5;4;7;false
rickenharp/perilous_wilds;5;5;3;2;false
peterberkenbosch/sendcloud;5;5;5;7;false
unexpectedjs/unchecked;5;5;4;0;false
mvz/ghtml2pdf;5;5;1;0;false
ceritium/ohmychart;5;5;0;0;false
philihp/fast-shuffle;5;5;1;0;false
BloomAndWild/royal_mail_api;5;5;14;4;false
TwilightCoders/deleted_at;4;4;1;1;false
boltthreads/activerecord-tablefree;4;4;2;2;true
jameswlane/status-board-cli;4;4;1;1;false
mrcat323/github-searcher;4;4;3;1;false
rafifos/atdownloader;4;4;1;1;false
unexpectedjs/uninspected;4;4;1;0;false
ShaneKing/sk-js;4;4;2;0;false
getninjas/tagmanager-wrap;4;4;4;0;false
james58899/MusicBot;4;4;1;3;false
pboling/status_tag;4;4;2;0;false
YutaGoto/salmon_run;4;4;1;2;false
iondrimba/threejs-audio-visualizer-six;4;4;1;1;false
iainreid820/micro;4;4;1;0;false
jgarber623/webmention-endpoint-ruby;4;4;0;0;false
papandreou/express-compiless;4;4;3;3;false
luzzif/node-bittrex-api-client;4;4;1;4;false
HydreIO/hydre.io;4;4;2;2;false
svyatov/sec_id;4;4;1;0;false
SUSE/scc-codestyle;4;4;14;2;false
papandreou/node-svgfilter;4;4;3;0;false
tansengming/stripe-subscribe;4;4;1;0;false
jgarber623/refresh-dc.org;4;4;1;0;false
iainreid820/micro-queue;4;4;1;0;false
Chaffity/micro;4;4;1;0;false
nodenv/nodenv-man;4;4;3;0;false
ryota-murakami/clock-up;4;4;1;0;false
iondrimba/threejs-audio-visualizer-tree;4;4;2;0;false
AlchemyCMS/alchemy-graphql;4;4;1;2;false
MITLibraries/timdex;4;4;9;4;false
HydreIO/boilerplate;4;4;2;1;false
Zetatango/porky_lib;4;4;10;0;false
pboling/activerecord-transactionable;4;4;2;1;false
iondrimba/threejs-audio-visualizer-four;4;4;1;0;false
ryanfb/hocr-reader;4;4;2;0;false
jgarber623/link-header-parser-ruby;3;3;2;0;false
dreimannzelt/layer-token_service;3;3;4;3;false
blackjackkent/RPThreadTrackerV3.FrontEnd;3;3;2;4;false
jgarber623/micropub-endpoint-ruby;3;3;0;0;false
unexpectedjs/unexpected-messy;3;3;1;1;false
notonthehighstreet/feature;3;3;70;1;false
khalilgharbaoui/inquiries-maker;3;3;3;1;false
iondrimba/threejs-audio-visualizer-five;3;3;1;1;false
prasan2533/FONT-POS-Agent-Manager;3;3;1;6;false
dvaJi/ReaderFront-API;3;3;0;0;false
marvinroger/js-dev-core;3;3;3;0;false
mrcat323/lara-practice;3;3;2;0;false
unexpectedjs/unexpected-resemble;3;3;1;1;false
ianwalter/http;3;3;1;0;false
rhomeister/alphagrader;3;3;3;2;false
miklb/independence;3;3;3;1;false
zharikovpro/railgun;3;3;2;1;false
DannyBen/apicake;3;3;1;0;false
csvalpha/sofia;3;3;2;0;false
hanami/devtools;3;3;10;1;false
jgarber623/webmention-verification-ruby;3;3;2;0;false
svyatov/http_wrapper;3;3;1;1;false
iainreid820/fui-example;3;3;1;0;false
khusnetdinov/reactor.js;3;3;1;0;false
papandreou/httpception;3;3;2;0;false
pboling/controller_validator;3;3;2;0;false
Jaid/postcss-value-replace;3;3;1;0;false
rookieman88/WaterBotv2;3;3;1;3;false
TheLastZombie/Specki;3;3;2;2;false
TheLastZombie/ich_iel;3;3;2;2;false
AresRPG/aresrpg-world;3;3;2;0;false
papandreou/express-extractheaders;3;3;2;0;false
i4policy/policy_consultation;3;3;1;1;true
scottrobertson/fintech-to-ynab;3;3;1;2;true
alanvardy/alanvardy;3;3;1;0;false
SleeplessByte/shrine-content_addressable;3;3;1;0;false
mwean/mac_setup;3;3;1;1;false
papandreou/fileception;3;3;2;0;false
IntendenciaMontevideo/consul;3;3;3;2;true
XPBytes/administrate-base_controller;3;3;2;2;false
csvalpha/amber-api;3;3;2;0;false
rubytoolbox/backup_publisher;2;2;1;0;false
unexpectedjs/unexpected-snapshot;2;2;1;1;false
assetgraph/font-tracer;2;2;2;0;false
iondrimba/pendulum;2;2;2;1;false
Chaffity/streamfiles;2;2;1;0;false
the-cloudkeeper-project/cloudkeeper-one;2;2;5;4;false
unexpectedjs/unexpected-function-equality;2;2;2;0;false
papandreou/fixpect;2;2;1;1;false
kamiazya/freebusy;2;2;2;2;false
unexpectedjs/unexpected-markdown;2;2;3;1;false
pboling/anonymous_active_record;2;2;1;1;false
unexpectedjs/unexpected-stream;2;2;1;0;false
ryanfb/latinocr;2;2;2;0;false
jonhue/modalist;2;2;2;0;false
pboling/rspec-stubbed_env;2;2;1;1;false
shushugah/shushugah.github.io;2;2;0;1;false
oomathias/atom-save-hooks;2;2;0;1;false
pboling/rspec-block_is_expected;2;2;1;0;false
zhandao/zero-params_processor;2;2;2;0;false
njzjz/Chemical-Tools-web;2;2;1;2;false
sumcumo/node-modules-check;2;2;8;3;false
deeppatel234/mongoorm;2;2;1;0;false
AurityLab/domain-matcher;2;2;1;1;false
sadovnik/reader;2;2;1;0;false
iondrimba/snake-wave;2;2;1;0;false
DannyBen/quata;2;2;1;0;false
joenas/huginn_github_notifications_agent;2;2;2;1;false
jgarber623/indieweb-endpoints.cc;2;2;1;0;false
dcthree/photios;2;2;4;0;false
getengage/engagement-backend;2;2;2;1;false
SPGoding/spx;2;2;1;3;false
johncorderox/Logistics;2;2;1;2;false
iondrimba/rename-me;2;2;1;0;false
Jaid/publishimo;2;2;1;0;false
iondrimba/game-of-life-3d;2;2;1;0;false
Ba5sx1a0sen1/yb-web;2;2;1;0;false
nodenv/nodenv-each;2;2;2;2;false
ensurance/bond;2;2;2;0;false
arch-lord/blaggy;2;2;1;1;false
jgarber623/whoistheorchid.com;2;2;1;1;false
jgarber623/webmention-cli;2;2;1;0;false
jonhue/myg-rails;2;2;1;0;false
lagartoflojo/sensu-plugins-rocket-chat;2;2;2;1;false
sylvainmetayer/tbm_interruption_tracker;2;2;2;0;false
shipcloud/shipcloud.github.io;2;2;12;13;false
unexpectedjs/unexpected-knockout;2;2;0;1;false
survival/donation-system;2;2;6;3;false
SleeplessByte/media-types-ruby;2;2;1;4;false
ubiety/lms;2;2;2;3;false
iainreid820/iainreid820.github.io;2;2;1;0;false
andycroll/atthemovies;2;2;1;1;false
Mikuia/mikuia-web;2;2;2;0;false
devs-for-change/main-site;2;2;6;1;false
PMHStudio/keepTypingAndNobodyExplodes;2;2;0;0;false
catks/graphql_poc;2;2;1;0;false
pboling/resque-unique_by_arity;2;2;4;2;false
KaindlJulian/appointments-pwa;2;2;0;3;false
sensu-plugins/sensu-plugins-rocket-chat;2;2;2;1;false
jgarber623/absolutely;2;2;1;1;false
ghayn/trasina;2;2;2;0;false
khalilgharbaoui/issues-tracker-api;2;2;1;0;false
MITLibraries/thing;2;2;8;3;false
dwilkie/bongloy-demo;2;2;6;3;false
bongloy/bongloy-demo;2;2;6;3;false
edwardloveall/portfolio;2;2;1;0;false
Vukan-Markovic/Book_trading_club;2;2;1;1;false
mvz/gir_ffi-gnome_keyring;2;2;1;0;false
gustavnikolaj/imocha;2;2;1;1;false
dresende/gimlet;2;2;2;0;false
unexpectedjs/magicpen-media;2;2;1;1;false
lolcommits/lolcommits-dot-com;2;2;5;3;false
ryanfb/geocollider-sinatra;2;2;1;1;true
langyo/sea-dog;2;2;0;0;false
kognise/blaggy;2;2;1;1;false
rughh/contriboot-rails;2;2;0;2;false
mkon/db_lock;2;2;2;3;false
gertsonderby/unexpected-generator;2;2;2;0;false
joaotorquato/openvet;2;2;4;0;false
pboling/rails_env_local;2;2;2;0;false
d4nyll/jest-matcher-one-of;2;2;1;0;false
assetgraph/assetgraph-i18n;2;2;3;0;false
digidemlab/consul;2;2;4;2;true
allistera/juno;2;2;0;1;false
c3boc/c3bos;2;2;2;3;false
rubymonsters/rgbapp;2;2;22;4;false
IgorPolyakov/TheHoneydew;2;2;3;0;false
zivost/zivost-com;2;2;1;1;false
the-cloudkeeper-project/cloudkeeper;2;2;5;6;false
unexpectedjs/unexpected-http;2;2;1;0;false
jonhue/tip-the-world-cup;2;2;1;2;false
code-for-tb/c4tb-site;2;2;5;0;false
haiafara/haiafara-ro;2;2;1;1;false
heartofclojure/activities;2;2;2;0;false
AjuntamentdeCastello/consul;2;2;3;2;true
phansch/recipes;2;2;0;0;false
lexor/nest-boilerplate;2;2;1;1;false
neluzhin/resolith;2;2;1;0;false
CodeForPortland/portlandconsul;2;2;4;3;false
2n3g5c9/airbnbot-js;2;2;1;1;false
bustikiller/riews;2;2;0;0;false
spirosikmd/schedules;2;2;0;0;false
Jaid/array-to-object-keys;2;2;1;0;false
DonikaV/react-tabz;2;2;0;0;false
c58/react-reload;2;2;1;0;false
devs-for-change/reach_hearts;2;2;5;0;false
FearlessSolutions/bahc-ohana-api;2;2;7;1;false
the-loom/dashboard;2;2;4;1;false
klyonrad/lazybar;1;1;1;1;false
hennevogel/hackweek;1;1;0;0;true
mkenyon/bucket;1;1;0;6;false
ulab-committee/ulab-website;1;1;2;0;false
iondrimba/react-video-player;1;1;1;2;false
johncorderox/katsu;1;1;0;0;false
AquisTech/expense_tracker;1;1;1;0;false
fidor/fidor_api_demo;1;1;2;5;false
JLahti/open-build-service;1;1;1;0;true
M0ses/open-build-service;1;1;1;0;true
lbt/open-build-service;1;1;1;1;true
b1-systems/open-build-service;1;1;5;0;true
tuanpembual/open-build-service;1;1;1;0;true
bustikiller/riews-demo;1;1;0;0;false
shipcloud/billwerk;1;1;13;3;false
CardTapp/hekate;1;1;1;0;false
cedricium/spectrum;1;1;0;0;false
Janfred/stuko-finanzen;1;1;1;0;false
thetallgrassnet/pokesite;1;1;1;0;false
rubyberlin/cfp-app;1;1;9;0;false
Frixoe/fot;1;1;1;0;false
iondrimba/halloween-wave;1;1;1;0;false
sanger/limber;1;1;4;8;false
d4nyll/git-tt;1;1;0;0;false
Phylator/phylator;1;1;1;0;false
hieuk09/wallet;1;1;1;1;false
ianwalter/dist;1;1;1;0;false
tansengming/passgen;1;1;1;0;false
arfelio/board;1;1;1;0;false
hackberryco/rails-starter;1;1;1;0;false
hackberrydev/rails-starter;1;1;1;0;false
levieindustries/elementary;1;1;0;0;false
phoet/basement;1;1;3;0;false
bottza/bootbot;1;1;1;0;false
octopusinvitro/conman;1;1;1;0;false
devheaven-platform/frontend;1;1;3;0;false
faucet-pipeline/faucet_pipeline_rails;1;1;3;0;false
octopusinvitro/uno;1;1;1;0;false
depfu/example-ruby;1;1;1;3;false
NativeGap/nativegap;1;1;1;0;false
the0neyouseek/deliveroo-cli;1;1;1;0;false
jonhue/sandboxy;1;1;1;0;false
JamesGlover/sequencescape;1;1;1;0;true
kowal/filmdb;1;1;0;0;false
sirech/cookery2-backend;1;1;1;0;false
grekko/tic-tac-toe;1;1;0;0;false
devs-for-change/activeadmin-mongoid;1;1;4;4;true
CardTapp/mongo_aggregation_dsl;1;1;4;0;false
andrewjw/sonos-ionic;1;1;1;0;false
jgarber623/packages-txt;1;1;1;0;false
unexpectedjs/unexpected-knex;1;1;3;1;false
hackcambridge/hc-sponsors-portal;1;1;1;0;false
luzzif/express-fs;1;1;1;0;false
ianwalter/i18n;1;1;1;0;false
desamgc/volun_front;1;1;0;0;false
sanger/traction-ui;1;1;5;4;false
Janfred/dnstrack;1;1;1;0;false
iFixit/errbit;1;1;16;0;true
yoava/node-linux-key-info;1;1;1;1;false
AyuntamientoToledo/consul;1;1;1;0;true
AyuntamientoPuertoReal/decidePuertoReal;1;1;7;0;true
rockandror/consul;1;1;4;0;true
imartinezortiz/consul;1;1;3;0;true
eneoshoshari/consul;1;1;1;0;true
devmasdemocracia/masdemocraciaeu;1;1;2;0;true
AyuntamientoGetafe/consul;1;1;2;1;true
usabi/consul_san_borondon;1;1;3;0;false
ianwalter/vue-example;1;1;1;0;false
kakakakakku/botty;1;1;1;0;false
tulsarb/movies;1;1;2;1;false
sirech/shelf2-backend;1;1;1;0;false
safetymonkey/asq;1;1;4;1;false
klausmeyer/fritzbox-smarthome-webapp;1;1;2;0;false
unexpectedjs/unexpected-documentation-site-generator;1;1;3;1;false
tansengming/tansengming.github.com;1;1;1;0;false
gustavnikolaj/fetchception;1;1;2;2;false
devheaven-platform/invoice-service;1;1;3;0;false
jutonz/dctl_rb;1;1;1;0;false
sylvainmetayer/agent-ready;1;1;2;0;false
zocoi/zocoi.com;1;1;1;0;false
danbee/danbarber.me;1;1;0;0;false
pieterbeulque/storee;1;1;0;0;false
sanger/traction-service;1;1;6;4;false
octopusinvitro/votefordinner;1;1;2;0;false
jonhue/plaain;1;1;2;1;false
Acidburn0zzz/open-build-service;1;1;0;0;true
iondrimba/threejs-audio-visualizer;1;1;2;0;false
d4nyll/docker-demo-frontend;1;1;1;0;false
jonhue/myg;1;1;1;0;false
Emphori/ngx-shared;1;1;1;0;false
papandreou/domspace;1;1;1;0;false
shipcloud/pactas_itero;1;1;13;3;false
yegrb/yegrb.com;1;1;0;2;false
tiagolnobre/strava_tfl;1;1;0;1;false
wecodeio/confy;1;1;4;1;false
rishabhs95/payment;1;1;1;0;false
ianwalter/react-example;1;1;1;0;false
phoet/asin_web;1;1;1;2;false
F3PiX/DevJournal;1;1;1;1;false
ryanfb/github-friction;1;1;1;0;false
allistera/trello-hammer;1;1;1;0;false
Wappsto/wappsto-cli;1;1;1;0;false
jonhue/blurry.js;1;1;1;0;false
Emphori/eslint-config;1;1;1;0;false
scottrobertson/supercharge-feed;1;1;2;0;false
Janfred/KickerTrack;1;1;1;0;false
Jaid/tldw;1;1;1;1;false
chengzao/angular-demo;1;1;2;0;false
skrapkam/gym-finder;1;1;0;0;false
CardTapp/acts-as-taggable-on-mongoid;1;1;4;0;false
kaikecarlos/igotscammed;1;1;2;0;false
AndrewUsher/rick-and-morty;1;1;0;0;false
Ezku/bloki.jallu.rodeo;1;1;0;0;false
deepakmahakale/coderails;1;1;1;0;false
dcthree/harpokration;1;1;3;0;true
Janfred/turnierauswertung;1;1;2;0;false
njzjz/chemicaltools-bot;1;1;1;0;false
AnomalousTechnologies/newton;1;1;2;0;false
Trybnetic/open-recipes;1;1;2;0;false
ianwalter/preact-example;1;1;1;0;false
ianwalter/bcrypt;1;1;1;0;false
WeTransfer/strict_request_uri;1;1;22;0;false
philihp/deneg-zero;1;1;1;0;false
daveharris/cycling.harris.org.nz;1;1;2;1;false
pieterbeulque/plenty;1;1;0;0;false
SleeplessByte/command;1;1;1;0;false
Kashalls/DiscordAlexa;1;1;0;0;false
amarc27/ironLulu;1;1;0;0;false
games-directory/games.directory;1;1;1;0;false
zaknafain/rpg-master-api;1;1;0;0;false
creatubbles/ruby-kafka-worker;1;1;15;1;false
AlexWayfer/formalism;1;1;1;3;false
IAMDesarrollo/volun_front;1;1;0;0;false
mrbrist/overseer;1;1;1;0;false
ceritium/rack-grape-sequel;1;1;0;0;false
hackcambridge/hc-applications;1;1;1;3;false
papandreou/consider;1;1;2;0;false
zaknafain/rpg_master_api;1;1;0;0;false
jmalcic/spina-conferences;1;1;1;0;false
mkon/ja2r;1;1;0;1;false
c3boc/c3bos-print;1;1;6;2;false
ianwalter/callback-loader;1;1;1;0;false
geminimvp/solidus_premade_carts;1;1;10;0;false
LeipeLeon/snip;1;1;2;1;true
khalilgharbaoui/cre;1;1;1;0;false
devs-for-change/human_kind_projecct;1;1;5;0;false
chengzao/express-demo;1;1;1;0;false
mvz/atspi_app_driver;1;1;1;0;false
ravikiranvs/silly-chat;1;1;1;0;false
SleeplessByte/shrine-configurable_storage;1;1;1;0;false
mortik/shipit-release;1;1;2;1;false
pieterbeulque/no-fout-typekit;1;1;0;0;false
nilbus/catalog;1;1;0;0;true
webionate/pactas_itero;1;1;13;3;false
antfu/package-docs;1;1;1;0;false
jameswlane/yeti-ui;1;1;1;1;false
lcpriest/scrapi-rb;1;1;0;1;false
usabi/consulLPA_old;1;1;1;0;false
Emphori/lighthouse;1;1;1;0;false
phillipoertel/outbanker;1;1;0;2;false
fs-sozialwesen/school-management;1;1;2;2;false
Jaid/serialize-comparison;1;1;1;0;false
jameswlane/status-board-ui;1;1;2;0;false
njzjz/chemicaltools-web;1;1;0;0;true
adambowles/fintech-to-ynab-js;1;1;1;1;false
medialab-prado/calmaredu;1;1;8;0;false
denialtorres/consul-docker;1;1;1;0;false
devheaven-platform/task-management-service;1;1;3;0;false
psantos10/vanhack-backend;1;1;1;0;false
ianwalter/npm-short-name;1;1;2;0;false
iondrimba/portfolio;1;1;2;1;false
luzzif/websocket-heartbeats;1;1;1;2;false
huerhai/ant-design-pro;1;1;1;0;true
dayangge/backend-manage;1;1;0;0;false
rafaelrinaldi/guess-programming-language;1;1;1;0;false
mvz/gir_ffi-gst;1;1;1;0;false
nodenv/nodenv-env;1;1;4;0;true
d4nyll/rundef;1;1;1;1;false
csvalpha/amber-ui;1;1;2;0;false
deepakmahakale/spree_purchase_order;1;1;2;5;false
notonthehighstreet/active_record_deprecate_columns;1;1;55;1;false
ianwalter/relay;1;1;1;0;false
hochzehn/ng2-semantic-ui;1;1;2;1;true
DannyBen/bobkit;1;1;1;0;false
XPBytes/administrate-field-scoped_has_many;1;1;1;1;false
NikStoyanov/nikstoyanov.github.io;1;1;0;0;false
unexpectedjs/unexpected-set;1;1;2;1;false
devheaven-platform/hour-service;1;1;2;0;false
pboling/strict_states;1;1;2;0;false
agorischek/markunit;1;1;1;0;false
pboling/require_bench;1;1;1;0;false
njzjz/redirect;1;1;2;0;false
XPBytes/administrate-field-code;1;1;1;0;false
mvz/gir_ffi-pango;1;1;1;0;false
toy/restartable;1;1;1;0;false
mvz/gir_ffi-cairo;1;1;2;3;false
Jaid/parse-numberings;0;0;1;0;false
hennevogel/hennevogel.de;0;0;1;0;false
hennevogel/blog;0;0;1;0;false
dresende/node-sqlaudit;0;0;2;0;false
Jaid/babel-plugin-pkg;0;0;1;0;false
ryanfb/cts-cite-driver;0;0;1;1;false
XPBytes/express-async-handler;0;0;1;0;false
deissh/anibe.chat;0;0;1;0;false
litvin/puppet-cups;0;0;1;0;true
bottza/cach;0;0;1;0;false
depfu/example-js;0;0;1;0;false
javidotpro/computesafely-net;0;0;1;0;false
AdamMajer/open-build-service;0;0;2;0;true
lethliel/open-build-service;0;0;1;0;true
Ezku/noviu.sh;0;0;0;0;false
spirosikmd/SpaceX;0;0;0;0;false
PopulateTools/gobierto-etl-gencat;0;0;7;0;false
gustavnikolaj/async-main-wrap;0;0;1;1;false
ryanfb/ogl-browser;0;0;2;0;false
beamop/Crudjs;0;0;0;0;false
rotsee/node-cldr;0;0;1;0;true
namangupta01/open-build-service;0;0;0;0;true
qdai/kyukou-api;0;0;2;0;false
dmarcoux/open-build-service;0;0;1;0;true
keithballinger/FocusApp;0;0;0;0;false
feelepxyz/feelep.xyz;0;0;1;0;false
justindoody/tvtoday-api;0;0;1;0;false
mrstandu33/CraftAndFun-Network_Website;0;0;0;0;false
sylvainmetayer/rails-blog;0;0;2;0;false
alfill/forestry-demo;0;0;1;0;false
alanvardy/corneliakelinske;0;0;1;0;false
Vogtinator/open-build-service;0;0;0;0;true
dmacvicar/software-o-o;0;0;1;1;true
ngscheurich/boxcar;0;0;1;1;false
rjhancock/mm-api;0;0;2;1;false
huokedu/spectrum;0;0;1;0;true
Wedin/spectrum;0;0;1;0;true
octopusinvitro/railsblog-spike;0;0;1;0;false
iondrimba/weather-api;0;0;2;1;false
survival/donation-system-webapp;0;0;6;1;false
fs-sozialwesen/event-management;0;0;1;1;false
kyaloj/restaurantuer;0;0;1;0;false
krauselukas/open-build-service;0;0;0;0;true
Jaid/eslint-config-jaid;0;0;1;0;false
nbarthel/activerecord-tablefree;0;0;1;0;true
epistrephein/hear_ye;0;0;1;0;false
Jaid/webpack-config-jaid;0;0;1;0;false
Jaid/prevent-end;0;0;1;0;false
gustavnikolaj/server-helper;0;0;1;0;false
SleeplessByte/resumable_job;0;0;1;0;false
brandontle/draft-js-markdown-plugin;0;0;1;0;true
huisedenanhai/draft-js-markdown-plugin;0;0;0;0;true
Ezku/anna.eevert.love;0;0;1;0;false
nickdyang/oauth2;0;0;1;0;true
msnider/oauth2;0;0;2;0;true
thegrowthapp/web;0;0;1;0;false
nikobozi/software-o-o;0;0;1;0;true
TrailerVote/trailervote-media-types;0;0;3;0;false
arthurpokrashenko/bttn-client;0;0;1;1;false
ikapelyukhin/rmt;0;0;0;0;true
Arakaii1083/software-o-o;0;0;0;0;true
lolcommits/lolcommits-sample_plugin;0;0;2;0;false
Ezku/laulu.jallu.rodeo;0;0;0;0;false
magma-labs/solidus_simple_dash;0;0;11;3;false
AubinWinddle/oauth2;0;0;0;0;true
TrailerVote/trailervote-express-render;0;0;3;0;false
HydreIO/billionairetoken.com;0;0;2;0;false
wallaceiam/wealthone;0;0;1;0;false
discoverflexa/oauth2;0;0;1;0;true
jgarber623/sketchnotes.sixtwothree.org;0;0;1;0;false
emrox/on_ruby;0;0;1;0;true
Jimador1/on_ruby;0;0;0;0;true
coder2000/agent-tracker;0;0;1;0;false
edthamm/ruby-plsql;0;0;1;0;true
emaglio/oauth2;0;0;1;0;true
marcelobbfonseca/video_cards;0;0;1;0;false
drew23c/NYC-Greenthumb;0;0;0;0;false
homebotapp/oauth2;0;0;3;0;true
AlexWayfer/query_string;0;0;1;0;true
iondrimba/tower-wave;0;0;2;0;false
sylvainmetayer/sylvainmetayer;0;0;1;0;false
qdai/kyukou;0;0;2;0;false
games-directory/api-rocketleague;0;0;2;0;false
howtohireme/give-me-poc-features;0;0;20;1;false
symbiod/symbiod-features;0;0;20;1;false
devs-for-change/locomotive_main;0;0;4;0;false
louk-lang/louk-grammar;0;0;1;0;false
ejoubaud/oauth2;0;0;1;0;true
gencat/gobierto-budgets-comparator-gen-cat;0;0;3;0;false
ashish-onecom/express-processimage;0;0;0;0;true
danbee/danbarberphoto;0;0;1;0;false
nghiazer/YetiForceCRM;0;0;0;0;true
Andrulko/YetiForceCRM;0;0;2;0;true
chipsi007/YetiForceCRM;0;0;1;0;false
iPublicis/YetiForceCRM;0;0;1;0;true
easaw/0-YetiForceCRM;0;0;1;0;true
AdHocGuru/YetiForceCRM;0;0;0;0;true
indrabhusanroy/YetiForceCRM;0;0;0;0;true
DesarrolloElPuertoGlobal/Consul;0;0;1;1;false
victorwpbastos/consul;0;0;1;0;true
ceritium/vimo;0;0;0;0;false
paolobrasolin/antex;0;0;1;0;false
TwilightCoders/jump_cloud;0;0;1;1;false
JobrannM/policy_consultation;0;0;0;0;true
sandraescobedobadia/consul;0;0;1;0;true
EPSIBordeaux/notes-backend-redis;0;0;1;0;false
romero350/consul;0;0;0;0;true
heshamelmasry77/loopback-mongodb-zeit-now;0;0;1;1;false
AyunJedula/consul;0;0;0;0;true
AyuntamientoAlcaladeHenares/DecideAlcala;0;0;2;0;true
embasbm/consul;0;0;1;0;true
octopusinvitro/refactoring-solution;0;0;1;0;false
TwilightCoders/data_tables-responder;0;0;1;2;false
Usabi/consulGC;0;0;4;1;false
mvz/gir_ffi-pretty_printer;0;0;1;0;false
urma/acme-banking;0;0;2;2;false
octopusinvitro/ruby-ttt;0;0;1;0;false
emersonauccasi/consul;0;0;0;0;true
indyarocks/cody;0;0;0;0;true
robertmonahon/cody;0;0;0;0;true
roshandevadiga/cody;0;0;1;0;true
octopusinvitro/octopusinvitro.gitlab.io;0;0;2;0;false
LinderReyna/consul;0;0;1;0;false
JordyKingz/consul;0;0;2;0;true
Txiflis-EH/consul;0;0;0;0;true
AuiDrome/consul;0;0;1;0;true
devpolish/consul;0;0;1;0;true
atzorvas/consul;0;0;1;0;true
ceritium/yabhrg;0;0;0;0;false
phansch/mend-web;0;0;1;0;false
saravanak/consul;0;0;0;0;true
reabiliti/okkama;0;0;1;0;false
mariuszkrzaczkowski/Vtiger_Libraries_Vulnerabilities;0;0;1;0;false
nelsondspy/consul;0;0;1;0;true
tonialfarocs/consul;0;0;1;0;true
d4nyll/hobnob-client;0;0;0;0;false
AyuntamientoTorre-Pacheco/consul;0;0;0;0;true
bertocq/consul;0;0;1;0;true
deepakmahakale/spreecommercedemo;0;0;1;0;false
communitychoicesscottishborders/consulnew;0;0;1;0;false
behraaang/consul;0;0;2;0;true
BEOG-NEERE/consul;0;0;1;0;true
artemirq/react-l;0;0;1;0;false
XPBytes/media_types-serialization;0;0;1;2;false
msusoko/consul;0;0;1;0;true
SergioBonet/consul;0;0;1;0;true
TomClive/consul;0;0;0;0;true
AnkushMalik/open-build-service;0;0;2;0;true
sabrinatbs/GCconsultation;0;0;0;0;true
yarnaimo/rain;0;0;1;0;false
AlexWayfer/flame-flash;0;0;1;1;false
PartidoDigital/Consul-App;0;0;4;0;false
denisok/open-build-service;0;0;0;0;true
SleeplessByte/tempfile-fixture;0;0;1;0;false
discipl/consul;0;0;0;0;true
sigfrid/state-machines-demo;0;0;0;0;false
jaam1974/consul;0;0;1;0;true
gustavnikolaj/koa-server-helper;0;0;1;0;false
mslade-fairfax/sanitize_email;0;0;1;0;true
pavvo/React-Context-Boilerplate;0;0;0;0;false
vairix-garbeletche/consul;0;0;3;0;true
depfu-forks/discourse;0;0;1;0;true
ceritium/demo-vimo;0;0;0;0;false
mariuszkrzaczkowski/CoreBOS_Libraries_Vulnerabilities;0;0;1;0;false
ICTU/consul;0;0;3;0;true
PedroZhinin/consul1;0;0;0;0;false
kimurashion/catalog;0;0;0;0;true
HotFusionMan/catalog;0;0;1;0;true
t-richards/jekyll-latex-block;0;0;1;0;false
dragotin/hackweek;0;0;1;0;true
FearlessSolutions/bahc-ohana-ui;0;0;6;1;false
Pietroiu/fp;0;0;1;0;false
octopusinvitro/morphio-scraper-australian-parliament;0;0;0;0;false
Jaid/ensure-end;0;0;1;0;false
sbahling/open-build-service;0;0;1;0;true
iondrimba/injectme;0;0;1;0;false
tvdeyen/alchemy-devise;0;0;1;0;true
epics-eu/epics.eu;0;0;0;0;false
rizkafes/osem;0;0;0;0;true
vincentroman/osem;0;0;1;0;true
AEtherC0r3/osem;0;0;1;0;true
tvdeyen/alchemy_cms;0;0;1;0;true
octopusinvitro/ruby-scafold;0;0;1;0;false
Shaun-Schwartz/consul;0;0;0;0;true
allistera/juno-probe;0;0;1;0;false
koflerm/rubytoolbox;0;0;0;0;true
LextrendIT/consul;0;0;3;0;true
nicksarafa/consul;0;0;1;0;true
hennevogel/simple_review_app;0;0;1;0;true
kreopelle/consul;0;0;1;0;true
blacktm/uswds-rails;0;0;0;1;true
billybones79/alchemy_cms;0;0;1;1;true
strydercorp/handshake_service;0;0;63;1;false
joinhandshake/handshake_service;0;0;63;1;false
Usabi/consul_el_rosario;0;0;2;0;false
arnaudlevy/consul;0;0;0;0;true
Pberr/PROCON;0;0;0;0;false
hennevogel/open-build-service;0;0;0;0;true
louk-lang/louk-loader;0;0;1;0;false
neverkas/consul;0;0;1;0;true
jeroenj/do-dyndns;0;0;1;0;false
ArchimediaZerogroup/alchemy_cms;0;0;1;0;true
MatheusRyuki/ChinWu;0;0;0;0;false
UsabiTeam/consul_el_rosario;0;0;2;0;false
UsabiTeam/consulGC;0;0;4;1;false
BiggerPockets/fakeweb;0;0;1;0;true
revosion/bengyun_ui;0;0;0;0;false
sciamlab/consul;0;0;2;0;true
vicentemendozam/consul;0;0;0;0;true
tomdemeyer/consul;0;0;1;0;true
PedroZhinin/consul;0;0;1;0;false
XPBytes/media_types-deserialization;0;0;1;0;false
Ana06/open-build-service;0;0;0;0;true
UCM-Consul/consul;0;0;0;0;true
TFG-Participacion-Ciudadana/consul;0;0;1;0;true
hpissei2/consul;0;0;1;0;true
Jaid/jsdoc-tsd-webpack-plugin;0;0;1;0;false
ivanevla/consul;0;0;1;0;true
LauraConcepcion/consulLPA;0;0;4;0;false
urad-online/consul;0;0;1;0;true
tvarjao/consul;0;0;1;0;true
AyuntamientoRonda/consul;0;0;0;0;true
beveradb/fintech-to-ynab;0;0;1;0;true
kot-behemoth/fintech-to-ynab;0;0;2;0;true
lalibertad/consul;0;0;1;1;false
RudreshNarwal/React-Firebase-CloudFuntions;0;0;0;0;false
JimmyJason28/Clara-Alpha;0;0;0;0;true
bluca/open-build-service;0;0;1;0;true
echeypaz/consul;0;0;1;0;true
saraycp/open-build-service;0;0;3;0;true
dcthree/presentations;0;0;3;0;false
LimaDecide/consul;0;0;1;1;true
mskog/broad;0;0;2;2;false
kfpo/hanami;0;0;1;0;true
indrajithbandara/rubytoolbox;0;0;0;0;true
nicolasleger/rubytoolbox;0;0;1;0;true
CDJ11/CDJ;0;0;4;0;true
Jaid/guess-package-manager;0;0;1;0;false
usabi/consulLPA;0;0;4;0;false
TrailerVote/trailervote-documentation;0;0;6;0;false
die-antwort/errbit;0;0;1;0;true
laasem/errbit;0;0;0;1;true
Trybnetic/trybnetic.github.io;0;0;1;0;false
AnkushMalik/hackweek;0;0;1;0;true
integralagile/errbit;0;0;1;0;true
Jerrynicki/ich_iel;0;0;0;0;true
imcodingideas/aws-yelp-scraper;0;0;1;0;false
drselump14/errbit;0;0;1;0;false
Jaid/pover;0;0;1;1;false
saherneklawy/errbit;0;0;1;0;true
ennova/errbit;0;0;5;0;true
Bionexo/errbit;0;0;3;0;true
SiIrving/react-sanfona;0;0;1;0;true
ygelfand/errbit;0;0;1;0;false
unexpectedjs/unexpected-color;0;0;1;0;false
fintastic/bank_credentials;0;0;1;0;false
froehlichA/portfolio;0;0;0;0;false
DMazzei/wow_test_app_001;0;0;0;0;false
faucet-pipeline/faucet_pipeline_rails_example;0;0;3;0;false
hieuk09/happiness_trend;0;0;1;0;false
5thdimension/tribeca;0;0;1;0;true
dcthree/ancient-greek-lexica;0;0;3;0;false
5thdimension/bitshares-ui;0;0;2;0;true
RudreshNarwal/e-shopee;0;0;0;0;false
K-S-A/2d-bitmap-fun;0;0;1;0;false
phansch/rails_base;0;0;0;0;false
bricesanchez/catalog;0;0;1;0;true
diproart/catalog;0;0;0;0;true
brodock/catalog;0;0;2;0;true
drgcms/catalog;0;0;1;0;true
el-feo/catalog;0;0;0;0;true
emilebosch/catalog;0;0;1;0;true
kirillshevch/catalog;0;0;1;0;true
leonascimento/react-sanfona;0;0;1;0;true
varyonic/catalog;0;0;1;0;true
bethink/catalog;0;0;1;0;true
Arkweid/catalog;0;0;0;0;true
itsderek23/catalog;0;0;1;0;true
diegobarna/catalog;0;0;1;0;true
danbee/danbee.github.com;0;0;1;0;false
levieindustries/cash-flow-api;0;0;0;0;false
jonhue/hello_amp;0;0;1;1;false
harrietc52/traction-ui;0;0;0;0;true
unexpectedjs/unexpected-magicpen;0;0;3;0;false
Favna/Dexa;0;0;1;1;false
EPSIBordeaux/algo-ordonnancement;0;0;1;0;false
iondrimba/scrollme;0;0;1;0;false
innoq/security_report;0;0;12;0;false
nauti1314/consul;0;0;0;0;true
StractmonR/consul;0;0;1;0;true
danielkroon/whats-the-weather;0;0;1;0;false
TomaszQr/YetiForceCRM;0;0;1;0;true
Midas0615/react-html5-video-player;0;0;0;0;false
iondrimba/notifycss;0;0;1;0;false
rskrzypczak/YetiForceCRM;0;0;1;0;true
Zetatango/token_validator;0;0;10;0;false
rogues-gallery/YetiForceCRM;0;0;1;0;true
SleeplessByte/triggerbus;0;0;1;1;false
christianlehnert/budgetApp-react;0;0;0;0;false
papandreou/this-and-that;0;0;1;0;false
aastronautss/aastronautss.github.io;0;0;1;0;false
PopulateTools/gobierto-comparador-presupuestos;0;0;6;2;false
fengkx/cacheman-level;0;0;1;0;false
jplusplus/langparser;0;0;4;0;false
octopusinvitro/kitepkana;0;0;1;0;false
papandreou/express-extendcsp;0;0;1;0;false
alex-w-k/enigma;0;0;1;0;false
psantos10/spd-docker-jenkins;0;0;2;0;false
Mifrill/robot_square_tabletop;0;0;0;2;false
mediafinger/ruby_coding_challenge;0;0;1;0;false
Jaid/load-jest-config;0;0;1;0;false
reabiliti/certification;0;0;0;0;false
5fpro/rails-template;0;0;4;1;false
skrapkam/samchang;0;0;1;0;false
iriberri/http-benchmark;0;0;0;0;true
Jaid/deepbot-simulator;0;0;1;0;false
sakho3600/consul;0;0;0;0;true
dpiote/consul;0;0;0;0;true
LinderReyna/consul-1;0;0;1;0;true
LukeSummerfield/spectrum-3-core-backup;0;0;1;0;false
JijoBose/consul;0;0;0;0;true
ArturT/consul;0;0;1;0;true
msecchi/consul;0;0;1;0;true
Andrulko/consul;0;0;1;0;true
denialtorres/consul;0;0;0;0;true
usabi/consul;0;0;3;0;true
UsabiTeam/consul;0;0;3;0;true
Wim81/InHereWebsite;0;0;0;0;false
igxactly-forks/web-frameworks;0;0;1;0;true
harshanarayana/web-frameworks;0;0;1;0;true
hiveminded/web-frameworks;0;0;1;0;true
hc-romens/web-frameworks;0;0;1;0;true
AsharDweedar/web-frameworks;0;0;0;0;true
kokizzu/which_is_the_fastest;0;0;1;0;true
joenas/social_shares_app;0;0;2;0;false
XPBytes/express-routes-archive;0;0;1;0;false
DanBennettUK/djbhosting;0;0;1;0;false
substancelab/rails-boilerplate;0;0;3;0;false
alexjeffburke/unexpected-mxhr;0;0;1;1;false
ValentinGurkov/mean-posts;0;0;1;0;false
mariuszkrzaczkowski/EPESI_Libraries_Vulnerabilities;0;0;1;0;false
lolcommits/lolcommits-flowdock;0;0;2;0;false
franklinyu/Mongdim-on-Rails;0;0;1;0;false
ryanfb/beer-calories;0;0;1;2;false
uniibu/pull;0;0;2;0;true
AndrewUsher/dom-utils;0;0;0;0;false
Jaid/ensure-start;0;0;1;0;false
jonhue/avatari;0;0;2;0;false
lalibertad/consulold;0;0;2;0;true
Pieter-Rees/bald-development;0;0;1;0;false
unexpectedjs/unexpected-exif;0;0;1;0;false
vaihtovirta/calendar_on_rails;0;0;1;2;false
TrailerVote/trailervote-express-authorization;0;0;3;0;false
Wim81/Hangman_landingspagina;0;0;0;0;false
SleeplessByte/react-tetris;0;0;0;0;false
ingobecker/imgshr;0;0;1;0;true
gamer4life1/catapp;0;0;0;0;false
tonylikestoburns/mapbox-gl-native;0;0;1;0;true
lanhhoang/web-socket-chat;0;0;0;0;false
BloomAndWild/julia_builder;0;0;6;0;true
FlowFX/reggae-on-rails;0;0;0;0;false
renatofmsoares/jest-cucumber-puppeteer-example;0;0;1;0;false
Michael22112000/botno2;0;0;0;0;false
YunoGasaiBot/selfbot;0;0;1;0;false
brookylaris/cookiebot;0;0;0;0;false
norperz/hhhh;0;0;0;0;false
mariuszkrzaczkowski/JoForceCRM_Libraries_Vulnerabilities;0;0;1;0;false
octopusinvitro/twitter-api;0;0;1;0;false
shatalov-boris/slack_backup;0;0;0;0;false
kiingameer/selfbot;0;0;1;0;false
BBroerse/IoT-Application-API;0;0;1;0;false
shushugah/book_lovers;0;0;0;0;false
jwsloan/count_the_cash;0;0;1;1;false
mediafinger/qanda;0;0;1;0;false
kogakure/website-hugo-hamburg.stefanimhoff.de;0;0;1;0;false
colorlight4/generator-wake;0;0;2;0;false
octopusinvitro/hanami-bookshelf;0;0;1;0;false
Mifrill/parsers;0;0;0;1;false
TrailerVote/trailervote-fixtures;0;0;3;0;false
laertispappas/rubytoolbox;0;0;1;0;true
TrailerVote/trailervote-express-logger;0;0;3;0;false
codeing8/spectrum;0;0;0;0;false
njzjz/Chemical-Tools-wechat;0;0;1;0;false
njzjz/chemicaltools-wechat;0;0;1;0;false
depohlm/puppet-cups;0;0;0;0;true
gabe-kent/branch;0;0;1;0;false
isleofruby/isleofruby-activities;0;0;6;1;true
octopusinvitro/twitter-for-zombies;0;0;1;0;false
depfu-forks/ruby-kafka;0;0;1;0;true
plaschczek/flickr_collage;0;0;2;0;false
blueskyacademy/rainbow;0;0;2;1;false
gabe-kent/twig;0;0;1;0;false
yarnaimo/tss-package;0;0;1;0;false
traitify/poise-python;0;0;6;0;true
nocturo/poise-python;0;0;2;0;true
ideaship/poise-python;0;0;1;0;true
5thdimension/5thkingdom;0;0;1;0;false
twistle/poise-python;0;0;4;6;true
njzjz/chemicaltools-telegram;0;0;1;0;false
Orckestra/orc-scripts;0;0;10;0;false
LanceZhu/lancezhu.github.io;0;0;0;1;false
amarc27/intra-orion;0;0;0;1;false
ThomasRoest/spectrum;0;0;1;0;true
joenas/preschool;0;0;1;0;false
depfu-examples/example-ruby;0;0;0;0;true
mimmi20/browscap-js-cache;0;0;1;1;false
OkySabeni/openjobs;0;0;1;1;false
EPSIBordeaux/epsi-expert-system;0;0;1;0;false
tiagolnobre/cards;0;0;0;0;false
7vs/docker-rails;0;0;0;0;true
d4nyll/docker-demo-backend;0;0;0;0;false
kumardevsai/docker-rails;0;0;0;0;true
nodenv/node-build-prerelease;0;0;3;1;false
Snger/isomorphic-git;0;0;0;0;true
vaginessa/isomorphic-git;0;0;1;0;true
harrietc52/traction-service;0;0;0;0;true
dc-anthony/goob;0;0;0;0;false
Razatastic/razatastic.github.io;0;0;1;0;false
spirosikmd/spacex-launches;0;0;0;0;false
bermannoah/coffee-bot;0;0;4;4;false
JamesGlover/limber;0;0;0;1;true
webdevstar/spectrum;0;0;0;0;false
PopulateTools/gobierto-etl-diba;0;0;6;0;false
depfutest/devfu-lock;0;0;1;2;false
littleStudent/spectrum;0;0;1;0;true
rudikelly/repo;0;0;1;1;false
TwilightCoders/warren;0;0;2;1;false
ejedigitalcr/sms50X-ruby;0;0;3;1;false
XPBytes/moxie;0;0;1;0;false
zaknafain/kings-duty;0;0;0;0;false
RogierdeRuijter/montepoeli;0;0;1;0;false
sio2k/async-fluent-plugin-azureeventhubs;0;0;0;1;false
HydreIO/deferred-promise;0;0;2;0;false
HydreIO/commons;0;0;2;0;false
leathersole/echo-api;0;0;1;0;true
Jaid/prevent-start;0;0;1;0;false
Jaid/publishimo-webpack-plugin;0;0;2;0;false
hugobarthelemy/consul;0;0;4;0;true
PopulateTools/gobierto-etl-sant-feliu;0;0;6;0;false
M1kep/Ribbon;0;0;1;0;true
artofhuman/consul;0;0;1;0;true
AlbertoAstudilloStrings/consul;0;0;0;0;true
digidemlab/consul-docker-demo;0;0;5;0;false
RudreshNarwal/virtualTable;0;0;0;0;false
ceritium/bario;0;0;0;0;false
bishwenduk029/spectrum;0;0;1;0;true
PopulateTools/gobierto-etl-utils;0;0;6;1;false
ggqshr/update_ant_pro;0;0;0;0;false
dissident/video_hosting;0;0;1;0;false
tiarebalbi/spectrum;0;0;0;0;true
Jaid/babel-preset-jaid;0;0;1;0;false
joaotorquato/geradordemigue;0;0;1;0;false
caiwang1993/antd-pro;0;0;0;0;false
jonhue/jonhue;0;0;1;0;false
startworks-group/start-tm-webapp;0;0;2;0;false
otwayxf/and-design-pro;0;0;0;0;false
linyongping/ant-design-pro;0;0;1;0;true
wecodeio/empanadeitor;0;0;6;1;false
iiiusky/ant-design-pro;0;0;0;0;true
zharikovpro/railsomatic;0;0;1;1;false
blackboy1987/antd;0;0;1;0;false
leijingdao/ant-design-pro;0;0;0;0;true
zhy1440/CourseManagement;0;0;0;0;false
alleindrach/larvaworld.admin;0;0;2;0;false
GrayStrider/ant-design-pro-playground;0;0;0;0;false
9at8/personal-website;0;0;0;0;false
antbaobao/ant-blog-go-react-admin;0;0;1;0;false
Iscrdr/bzz-ui;0;0;1;0;false
cloudNpu/cloudNodeUser;0;0;0;0;false
familyuu/loc_admin;0;0;0;0;false
3610cn/ant-design-pro-4-bigbox;0;0;1;0;false
1Orbis/Orbis-NODE;0;0;0;0;false
ycch/repo;0;0;0;0;false
vigzmv/spectrum;0;0;1;0;true
JerryYu2014/ant-design-pro;0;0;2;0;true
Jalever/Multi-Models-Fusion-Design;0;0;1;0;false
orgycchen/test-ant-DP;0;0;0;0;false
CHENXH93/test-ant-DP;0;0;0;0;false
hugh-lee/hrms-client-web;0;0;1;0;false
JokerDr/CommoditySalesManagementSystem-FE;0;0;1;0;false
tpiskula/spectrum;0;0;1;0;true
Sae497/ant-design-pro;0;0;0;0;false
Sshrimp/Studypro;0;0;0;0;false
lingxiaoxin/ant-design-pro;0;0;0;0;true
fzodc/o2p_web;0;0;0;0;false
ilanus/ant-design-pro;0;0;1;0;true
fjalimama/ant-design-pro;0;0;0;0;false
kyaloj/jwt-on-rails;0;0;1;0;false
Tibi02/oktibor-site;0;0;1;0;false
morajabi/spectrum;0;0;1;0;true
imbhargav5/spectrum;0;0;2;0;true
trburgess/spectrum;0;0;1;0;true
artofhuman/utils;0;0;1;0;true
reabiliti/aroundrails;0;0;0;0;false
9janeo/speakerline;0;0;1;0;true
marcelobbfonseca/school;0;0;2;0;false
azhi/surrealist;0;0;1;1;true
rud/errbit;0;0;0;0;true
jameswillock/prost;0;0;0;0;false
dongthanhlx/spectrum;0;0;0;0;true
njzjz/chemicaltools-js;0;0;2;4;false
dogenpunk/utils;0;0;1;0;true
rubenbase/spectrum;0;0;1;0;true
Texas86/spectrum;0;0;0;0;true
gabe-kent/tree;0;0;1;0;false
Tosotada/spectrum;0;0;1;0;true
weedsthe/golocale;0;0;2;0;false
Razatastic/personal-website;0;0;1;0;false
twoseat/cloud_controller_ng;0;0;0;0;true
huanghui1/spectrum;0;0;1;0;true
JulianoCristian/cloud_controller_ng;0;0;1;0;true
AlbertoImpl/cloud_controller_ng;0;0;0;0;true
nimakaviani/cloud_controller_ng;0;0;1;0;true
comus/spectrum;0;0;0;0;true
dpcodes/spectrum;0;0;1;0;true
ryanfb/geocollider;0;0;1;0;true
arcivr/minicrop;0;0;3;0;false
akashgurava/akashchandra;0;0;0;0;false
digideskio/spectrum;0;0;0;0;true
michaelmior/nose-cli;0;0;1;1;false
hperusmir/cloud_controller_ng;0;0;0;0;true
msforrest/cloud_controller_ng;0;0;1;0;true
itsmeasik/spectrum;0;0;0;0;true
vanpav/spectrum;0;0;1;0;true
bogdan0083/spectrum;0;0;1;0;true
muraleo/spectrum;0;0;1;0;true
DanBennettUK/djriko;0;0;1;0;false
ShelleyOk/spectrum;0;0;0;0;true
gotonode/notes-frontend;0;0;0;0;false
gotonode/notes;0;0;0;0;false
le12484/spectrum;0;0;1;0;true
mrtnnk/martin-rails-docker;0;0;0;0;false
bin4ryio/spectrum;0;0;1;0;true
duyquoc/spectrum;0;0;1;0;true
thegrowthapp/backend;0;0;2;1;false
XPBytes/administrate-field-scoped_belongs_to;0;0;1;0;false
fintastic/hbci;0;0;2;0;false
InspireNL/jsonapi-types;0;0;6;1;false
kustomzone/spectrum;0;0;1;0;true
edersign/spectrum;0;0;1;0;true
deepakmahakale/Ant-Url;0;0;2;0;false
1930s/spectrum;0;0;0;0;true
nilportugues/spectrum;0;0;0;0;true
Spearworks/spectrum;0;0;1;0;true
cmur2/chef-dyndnsd;0;0;1;0;false
T-Soft-Ltd/zip_tricks;0;0;1;0;true
sneg55/sneg55;0;0;1;0;false
PopulateTools/gobierto-etl-mataro;0;0;6;1;false
hoanghungict/spectrum;0;0;1;0;true
krvajal/spectrum;0;0;1;0;true
AlexWayfer/flame-cli;0;0;1;1;false
R33mBash1r/clouddoundry;0;0;0;0;false
tosborne89/spectrum;0;0;1;0;true
brigade/node-build;0;0;44;0;true
gabe-kent/leaf;0;0;1;0;false
PopulateTools/gobierto-etl-esplugues;0;0;6;1;false
deissh/ts-scss-boilerplate;0;0;1;0;false
ValRCS/spectrum-1;0;0;0;0;true
ronal2do/spectrum;0;0;1;0;true
dotansimha/spectrum;0;0;0;0;true
mosmrk/spectrum;0;0;0;0;true
BasThomas/basthomas.github.io;0;0;1;3;false
vinaypuppal/spectrum;0;0;1;0;true
arnaskro/spectrum;0;0;1;0;true
tthakurani/spectrum;0;0;0;0;true
trile/sass-starter;0;0;1;0;false
XPBytes/optimistically_stale;0;0;1;0;false
j-collier/sendgrid-ruby;0;0;1;0;true
sasydharan/spectrum;0;0;1;0;true
zaknafain/rpg-master-frontend;0;0;0;0;false
neet/spectrum;0;0;1;0;true
PopulateTools/gobierto_data;0;0;6;1;false
jgarber623/redirect-uri-ruby;0;0;1;0;false
10chars/spectrum;0;0;1;0;true
SonyaMoisset/TOH_ANGULAR7;0;0;0;0;false
jgarber623/jasonandsamara.com;0;0;1;0;false
mattzollinhofer/teachy;0;0;2;1;false
eduardoj/hackweek;0;0;1;0;true
ggamel/greg.is;0;0;1;0;false
bmwiedemann/open-build-service;0;0;1;0;true
decaruju/aasm;0;0;1;0;true
njzjz/Qiaokun-web;0;0;1;0;false
njzjz/qiaokun-web;0;0;1;0;false
nipunvashistha/open-build-service;0;0;0;0;true
mschnitzer/open-build-service;0;0;1;0;true
rowhit/open-build-service;0;0;2;0;true
SriRamanujam/open-build-service;0;0;1;0;true
arkes/Dynamoid;0;0;1;0;true
ryo19910801/Dynamoid;0;0;1;0;true
Jaid/resolve-pkg-option;0;0;1;0;false
konadrian/YetiForceCRM;0;0;1;0;true
Jaid/epoch-seconds;0;0;1;0;false
u2i/Dynamoid;0;0;10;0;true
kronos/Dynamoid;0;0;1;0;true
AquisTech/family;0;0;1;0;false
jorisrietveld/NHLStenden_Project_Desk-Crisim;0;0;2;0;false
jorisrietveld/Desk-Crisim;0;0;2;0;false
mkon/d12n;0;0;1;0;false
mariuszkrzaczkowski/SuiteCRM_Libraries_Vulnerabilities;0;0;1;0;false
emiltrotuar/todo_lists;0;0;2;0;false
JonnathanAndres/gobierto;0;0;1;0;true
games-directory/scraper;0;0;1;0;false
karlentwistle/wedding;0;0;1;0;false
RudreshNarwal/Ziffy-Angular;0;0;0;0;false
neluzhin/observed;0;0;1;1;false
rkallensee/simple-domain-tool;0;0;1;0;false
jgarber623/authenticate.computer;0;0;1;0;false
gamer4life1/cool-rails-app;0;0;1;0;false
XPBytes/administrate-field-hyperlink;0;0;2;0;false
uaoh/open-build-service;0;0;0;0;true
mazyvan/circle-ci-integration;0;0;1;0;false
stim-awesome/stim-awesome;0;0;1;0;false
kyaloj/rspec_rails;0;0;1;0;false
blackatze93/labs;0;0;1;0;false
ducdiepco/api;0;0;1;0;true
lanhhoang/rails-ci-training;0;0;0;0;false
danbee/rosellandaniel.us;0;0;1;0;false
gustavnikolaj/frame-popper;0;0;1;0;false
husam212/aasm;0;0;1;0;true
hototoh/aasm;0;0;1;0;true
itech2018/Bot2;0;0;0;0;false
ianwalter/blueline;0;0;1;0;false
lgmagalhaes88/Ribbon;0;0;1;0;true
lanhhoang/real-chat;0;0;0;0;false
TeamIsOld/Ribbon;0;0;0;0;true
jgarber623/authorization-endpoint-ruby;0;0;0;0;false
louk-lang/louk-intro;0;0;1;0;false
lanhhoang/rails-blog;0;0;0;0;false
EPSIBordeaux/Telegram_Bot;0;0;1;0;false
inandsza/fields-of-arle;0;0;0;0;true
sadjunky/fields-of-arle;0;0;0;0;true
rubenroy/fields-of-arle;0;0;1;0;true
haiafara/underpass;0;0;1;0;false
jgarber623/token-endpoint-ruby;0;0;1;0;false
kyaloj/angularized-personal;0;0;1;0;false
tulsarb/suggestotron;0;0;2;1;false
octopusinvitro/rails-twitter-sample;0;0;1;0;false
klippx/oauth2;0;0;0;0;true
codemilan/there;0;0;1;0;false
egy186/scroll-to-image;0;0;1;0;false
unexpectedjs/unexpected-image;0;0;1;0;false
nirmoy/open-build-service;0;0;1;0;true
huynhhutnam/aasm;0;0;0;0;true
koomie/open-build-service;0;0;1;0;true
bottza/trella;0;0;1;0;false
BigData89/open-build-service;0;0;0;0;true
WhiteSymmetry/open-build-service;0;0;1;0;true
openbaseball/openbaseball;0;0;1;0;false
kimebbe/fixpect;0;0;1;0;true
sonata82/dynduo-server-ruby;0;0;2;0;false
titchimoto/spectrum;0;0;0;0;true
njzjz/Chemical-Tools-weapp;0;0;2;0;false
sylvainmetayer/Node-F1;0;0;1;0;false
njzjz/chemicaltools-weapp;0;0;2;0;false
brigade/nodenv;0;0;44;0;true
eduardoj/open-build-service;0;0;4;0;true
unibonn/puppet-cups;0;0;5;1;true
wassimk/react-my-reads;0;0;1;0;false
Ana06/osem;0;0;0;0;true
hennevogel/osem;0;0;0;0;true
Janfred/osem;0;0;1;0;true
differentreality/fosdem-osem;0;0;1;0;false
bear454/osem;0;0;1;0;true
differentreality/eurobsdcon;0;0;2;0;false
differentreality/osem;0;0;1;2;true
3scale/echo-api;0;0;8;8;false
code-for-tb/digital-mosquito-inspector;0;0;3;2;false
qdai/kyukou-scraper-kyudai;0;0;3;0;false
notonthehighstreet/hash_tool_kit;0;0;26;0;false
bgeuken/open-build-service;0;0;1;0;true
Jellyfrog/open-build-service;0;0;1;0;true
louk-lang/louk-dev-repl;0;0;1;0;false
markspolakovs/who-the-fuck-is-coming-to;0;0;1;0;false
Wim81/WV_base_theme;0;0;1;0;false
ruebot/auk;0;0;1;0;true
AquisTech/trek_o_maniacs;0;0;1;0;false
Ana06/software-o-o;0;0;0;0;true
hieuk09/code-commenter-hanami;0;0;1;0;false
dexterleng/coursemology2;0;0;0;0;true
RudreshNarwal/vue-todo;0;0;0;0;false
dbnicholson/open-build-service;0;0;1;0;true
pavvo/React-eCommerce;0;0;0;0;false
ValentinGurkov/vg-blog;0;0;0;1;false
filip373/todolist-api;0;0;0;0;false
j13l/adamjuras.com;0;0;2;0;false
emiltrotuar/react-playground-api;0;0;1;0;false
jamesBrennan/cotton-tail;0;0;0;0;false
d4nyll/resolve-when;0;0;0;1;false
